"sim","run","divergences","alpha_rhat1","beta_rhat1","ndt_rhat1","delta_female_rhat1","delta_male_rhat1","alpha_rhat2","beta_rhat2","ndt_rhat2","delta_female_rhat2","delta_male_rhat2","alpha_ess1","beta_ess1","ndt_ess1","delta_female_ess1","delta_male_ess1","alpha_ess2","beta_ess2","ndt_ess2","delta_female_ess2","delta_male_ess2","alpha_grp_gen1","beta_grp_gen1","ndt_grp_gen1","delta_female_grp_gen1","delta_male_grp_gen1","alpha_grp_gen2","beta_grp_gen2","ndt_grp_gen2","delta_female_grp_gen2","delta_male_grp_gen2","alpha_grp_sim_mean1","beta_grp_sim_mean1","ndt_grp_sim_mean1","delta_female_grp_sim_mean1","delta_male_grp_sim_mean1","alpha_grp_sim_mean2","beta_grp_sim_mean2","ndt_grp_sim_mean2","delta_female_grp_sim_mean2","delta_male_grp_sim_mean2","alpha_grp_sim_hdi_lo1","alpha_grp_sim_hdi_hi1","beta_grp_sim_hdi_lo1","beta_grp_sim_hdi_hi1","ndt_grp_sim_hdi_lo1","ndt_grp_sim_hdi_hi1","delta_female_grp_sim_hdi_lo1","delta_female_grp_sim_hdi_hi1","delta_male_grp_sim_hdi_lo1","delta_male_grp_sim_hdi_hi1","alpha_grp_sim_hdi_lo2","alpha_grp_sim_hdi_hi2","beta_grp_sim_hdi_lo2","beta_grp_sim_hdi_hi2","ndt_grp_sim_hdi_lo2","ndt_grp_sim_hdi_hi2","delta_female_grp_sim_hdi_lo2","delta_female_grp_sim_hdi_hi2","delta_male_grp_sim_hdi_lo2","delta_male_grp_sim_hdi_hi2","alpha_recover1","beta_recover1","ndt_recover1","delta_female_recover1","delta_male_recover1","alpha_recover2","beta_recover2","ndt_recover2","delta_female_recover2","delta_male_recover2"
11,2,0,1.00080446626008,1.00289214908683,NA,1.00169615343076,1.00003975512608,1.00075569830822,1.00436091362988,NA,1.00272475078676,1.00231171932522,2638.40145195942,2686.3187176528,NA,2618.61726451053,2089.48569561205,2464.77825851711,1329.10574079433,NA,2172.03407035742,2127.9859292924,2.22257544062698,0.484911854544825,0.2,2.94652222022962,-2.76358672323551,2.13740083331808,0.513256239652682,0.2,2.3288499334193,-2.31538445351436,2.217456595,0.486737717,0.2,3.1143163975,-2.8669235225,2.0576481425,0.5227586305,0.2,2.3879899325,-2.3406047525,2.15354,2.28553,0.471161,0.502372,0.2,0.2,2.94126,3.27453,-3.058,-2.70496,2.00049,2.11406,0.502793,0.544546,0.2,0.2,2.24066,2.54045,-2.49043,-2.19405,1,1,NA,1,1,0,1,NA,1,1
21,3,0,1.00449748608727,1.0022014323116,NA,1.00002614030944,1.00208766798654,1.00232733320968,1.00169284255379,NA,1.00223459774731,1.00312437531037,1528.03857289989,2133.74241471477,NA,2480.20867092315,2210.56029765637,1926.57982951582,1938.94538994487,NA,2783.07518962823,2637.26483176888,2.22257544062698,0.484911854544825,0.2,2.94652222022962,-2.76358672323551,2.13740083331808,0.513256239652682,0.2,2.3288499334193,-2.31538445351436,2.2386508125,0.489681001,0.2,2.942354605,-2.72598753,2.1682617525,0.5086373465,0.2,2.39987931,-2.4683292475,2.14421,2.32388,0.472271,0.50745,0.2,0.2,2.77645,3.11212,-2.88529,-2.56213,2.09179,2.24617,0.492112,0.525183,0.2,0.2,2.26416,2.54703,-2.6147,-2.33096,1,1,NA,1,1,1,1,NA,1,0
1,1,0,1.0014711500013,1.00436568373426,NA,1.00120775905641,1.00054882445756,1.00317308607535,1.00046619293388,NA,1.0010995595724,1.00228815751323,2206.06524727868,1553.44468417764,NA,2826.83278925658,2864.39154092566,1668.30678461291,2152.23414838195,NA,1835.09702438618,1884.20718575001,2.22257544062698,0.484911854544825,0.2,2.94652222022962,-2.76358672323551,2.13740083331808,0.513256239652682,0.2,2.3288499334193,-2.31538445351436,2.2418553275,0.48081451975,0.2,3.19130428,-2.79705988,2.12132619,0.4983028725,0.2,2.3985693625,-2.39318941,2.16431,2.31379,0.461565,0.500495,0.2,0.2,3.04467,3.35254,-2.96008,-2.64035,2.04525,2.19935,0.481172,0.516559,0.2,0.2,2.23828,2.56054,-2.54476,-2.22784,1,1,NA,0,1,1,1,NA,1,1
31,4,0,1.00159413443631,1.00276299961104,NA,1.00309609079501,1.0011170010671,1.00513398576181,1.00540951949808,NA,1.00234629975595,1.00211936784119,1885.08504927528,1705.14495213055,NA,2343.93075310759,2383.89969242326,1280.85783270641,1167.08216726777,NA,1656.12280817327,1484.64724793449,2.22257544062698,0.484911854544825,0.2,2.94652222022962,-2.76358672323551,2.13740083331808,0.513256239652682,0.2,2.3288499334193,-2.31538445351436,2.2592905775,0.466368049,0.2,3.001590445,-2.7558797375,2.121297815,0.5200084575,0.2,2.3347997575,-2.277019965,2.19199,2.33271,0.450081,0.485329,0.2,0.2,2.84389,3.15441,-2.89749,-2.59563,2.04623,2.21007,0.499333,0.542553,0.2,0.2,2.17033,2.50377,-2.44039,-2.11123,1,1,NA,1,1,1,1,NA,1,1
12,2,0,1.00043732407949,1.00149778239363,NA,1.00047214990386,1.00180650776087,1.00397134583354,1.00468275089473,NA,1.00218410260241,1.00063904066229,3109.66563661148,1714.01599149329,NA,2974.33027105388,2499.90476983146,1789.43491054317,1633.73992848098,NA,2648.21975203909,2173.08907392043,2.22257544062698,0.484911854544825,0.2,2.94652222022962,-2.76358672323551,2.13740083331808,0.513256239652682,0.2,2.3288499334193,-2.31538445351436,2.2190294775,0.48427513025,0.2,2.935611245,-2.622526905,2.0544062025,0.5203276485,0.2,2.3259583825,-2.272603265,2.15435,2.27912,0.466797,0.503042,0.2,0.2,2.78647,3.0816,-2.76835,-2.4708,1.9889,2.11877,0.501751,0.539626,0.2,0.2,2.18833,2.48125,-2.4277,-2.13188,1,1,NA,1,1,0,1,NA,1,1
22,3,0,1.00237774235041,1.00334174063845,NA,1.00476286362491,1.0009076302917,1.00198882379864,1.00221412151204,NA,1.00459139830591,1.00362463850589,2428.92149140808,1958.26758184293,NA,2358.54523600855,2154.04675389526,2883.61930056948,2000.54819955041,NA,1539.98844761475,1833.30592717639,2.22257544062698,0.484911854544825,0.2,2.94652222022962,-2.76358672323551,2.13740083331808,0.513256239652682,0.2,2.3288499334193,-2.31538445351436,2.25401555,0.4775031025,0.2,3.020106305,-2.79162419,2.0940585,0.51981929425,0.2,2.284816575,-2.4044181175,2.18666,2.31932,0.460283,0.494805,0.2,0.2,2.85589,3.19175,-2.9622,-2.62282,2.03859,2.15205,0.503359,0.537524,0.2,0.2,2.12335,2.45545,-2.5669,-2.23144,1,1,NA,1,1,1,1,NA,1,1
41,5,0,1.00153166810835,1.00455120106187,NA,1.00002512080871,1.00080969458007,1.00019078406432,1.00235501853102,NA,1.00077071640629,1.00171098409614,2698.1467620006,1334.50080559614,NA,3058.6754863893,2581.64977033028,2433.42576474862,2012.60938093932,NA,2720.16478850426,2592.94977514276,2.22257544062698,0.484911854544825,0.2,2.94652222022962,-2.76358672323551,2.13740083331808,0.513256239652682,0.2,2.3288499334193,-2.31538445351436,2.215969395,0.503911666,0.2,2.96776505,-2.727810625,2.13950452,0.507876105,0.2,2.25170175,-2.1845177825,2.15421,2.28676,0.483754,0.524666,0.2,0.2,2.81276,3.12389,-2.88312,-2.57078,2.07976,2.20668,0.49093,0.524623,0.2,0.2,2.12897,2.38414,-2.31494,-2.05982,1,1,NA,1,1,1,1,NA,1,0
2,1,0,1.00570399872511,1.00165577683451,NA,1.00117231868183,1.00353779114665,1.00232852282383,1.00103093995529,NA,1.00359449087526,1.001165055064,1099.15473625468,2193.80199120415,NA,3875.38950628258,2937.96033799567,1908.07643164195,2170.99986388699,NA,2258.94634923981,2075.12348037745,2.22257544062698,0.484911854544825,0.2,2.94652222022962,-2.76358672323551,2.13740083331808,0.513256239652682,0.2,2.3288499334193,-2.31538445351436,2.2324790575,0.5014841345,0.2,2.892813935,-2.7254336075,2.16680123,0.5103498705,0.2,2.21108767,-2.2722891575,2.13679,2.32008,0.485796,0.518034,0.2,0.2,2.7548,3.02269,-2.86453,-2.59778,2.09664,2.23885,0.493726,0.527845,0.2,0.2,2.07561,2.3496,-2.41535,-2.13387,1,0,NA,1,1,1,1,NA,1,1
32,4,0,1.00373896945988,1.00161208687837,NA,1.00162025644053,1.00160340844261,1.00274573891356,1.00179819189569,NA,1.00196163214819,1.00327432968406,1722.00957987682,3273.15266096461,NA,2076.75586968182,2389.23815234145,2009.7578084748,1693.80158508144,NA,1759.2047252125,1809.76853883138,2.22257544062698,0.484911854544825,0.2,2.94652222022962,-2.76358672323551,2.13740083331808,0.513256239652682,0.2,2.3288499334193,-2.31538445351436,2.28391522,0.4732753335,0.2,2.8858802075,-2.83010805,2.09320373,0.50481366175,0.2,2.343597385,-2.2858770925,2.21153,2.36529,0.458974,0.486768,0.2,0.2,2.73029,3.05139,-2.97453,-2.66292,2.02068,2.15686,0.484677,0.522436,0.2,0.2,2.18853,2.50128,-2.43717,-2.13683,1,1,NA,1,1,1,1,NA,1,1
13,2,0,1.00285623542048,1.00251125097231,NA,1.00284226054918,1.00182628322334,1.00424508365898,1.00235733948763,NA,1.00691255147188,1.00166534364832,1866.63302184801,2410.84381713551,NA,3095.97201344514,2852.20298415468,1371.89681866897,1983.70987410501,NA,2103.7846939578,2163.50057011357,2.22257544062698,0.484911854544825,0.2,2.94652222022962,-2.76358672323551,2.13740083331808,0.513256239652682,0.2,2.3288499334193,-2.31538445351436,2.1533791175,0.48805371475,0.2,2.9399672425,-2.6621112575,2.14541196,0.504683313,0.2,2.304490525,-2.256075675,2.08217,2.22553,0.47221,0.504228,0.2,0.2,2.78832,3.07924,-2.80943,-2.50991,2.06703,2.22348,0.486762,0.522635,0.2,0.2,2.15586,2.45781,-2.41432,-2.10727,1,1,NA,1,1,1,1,NA,1,1
23,3,0,1.00151423621913,1.00309243719481,NA,1.00286610437544,1.00219141315702,1.00241998350633,1.00489438233725,NA,1.00092694769029,1.00172831100783,1813.09155250295,1341.00803969759,NA,3659.90391598985,3328.03693212723,2102.59378327202,1604.37536763239,NA,1736.49041250955,2065.82775597333,2.22257544062698,0.484911854544825,0.2,2.94652222022962,-2.76358672323551,2.13740083331808,0.513256239652682,0.2,2.3288499334193,-2.31538445351436,2.24528342,0.4798538715,0.2,2.88272328,-2.83476904,2.104693545,0.5251725065,0.2,2.29321535,-2.234599145,2.1749,2.32434,0.46146,0.497953,0.2,0.2,2.74649,3.00878,-2.97942,-2.71281,2.04232,2.17396,0.50739,0.542299,0.2,0.2,2.15044,2.44484,-2.39077,-2.08991,1,1,NA,1,1,1,1,NA,1,1
42,5,0,1.00019073616415,1.00282301395561,NA,1.00192705966283,1.00188968436247,1.0064332109541,1.004933543389,NA,1.00223376257061,1.00166842998376,2281.04069728272,1741.62752305671,NA,2170.78366855135,1989.1886541213,1243.40749669284,1893.75671769515,NA,2230.53670915824,1994.15502219662,2.22257544062698,0.484911854544825,0.2,2.94652222022962,-2.76358672323551,2.13740083331808,0.513256239652682,0.2,2.3288499334193,-2.31538445351436,2.209864,0.479744791,0.2,2.9118915875,-2.681174345,2.1295864525,0.51584799475,0.2,2.2959938475,-2.408596025,2.13464,2.27498,0.462637,0.498357,0.2,0.2,2.75408,3.09801,-2.84833,-2.50581,2.04925,2.21382,0.497496,0.532937,0.2,0.2,2.14262,2.43597,-2.56716,-2.26684,1,1,NA,1,1,1,1,NA,1,1
3,1,0,1.00290185946513,1.00102378732448,NA,1.00249943365095,1.0007012545149,1.00121278012719,1.00218751944175,NA,1.00005360772802,1.00122876538065,2466.78538250377,2112.7611024631,NA,2916.35126630912,2750.71844056404,2327.40016862838,1960.93963236592,NA,2556.85874696884,2634.01164277322,2.22257544062698,0.484911854544825,0.2,2.94652222022962,-2.76358672323551,2.13740083331808,0.513256239652682,0.2,2.3288499334193,-2.31538445351436,2.17263219,0.48399483375,0.2,2.83025263,-2.649724735,2.1925044,0.4978819725,0.2,2.2939668075,-2.33257481,2.10808,2.23429,0.467775,0.500383,0.2,0.2,2.69266,2.9652,-2.79462,-2.51499,2.12609,2.25593,0.480182,0.515801,0.2,0.2,2.16145,2.43105,-2.47041,-2.19916,1,1,NA,1,1,1,1,NA,1,1
33,4,0,1.00507234463597,1.00139137411953,NA,1.00282742724219,1.00116393608763,1.00288921311817,1.00385913261661,NA,1.00296492800108,1.00477798131783,1748.91830640559,1828.53996417612,NA,2998.48616515622,2590.06847085103,1739.03572322616,1620.36206657605,NA,1704.10334783889,1366.41139189877,2.22257544062698,0.484911854544825,0.2,2.94652222022962,-2.76358672323551,2.13740083331808,0.513256239652682,0.2,2.3288499334193,-2.31538445351436,2.2194677325,0.5012067945,0.2,2.8938306975,-2.8916775075,2.1496260525,0.52423707725,0.2,2.39035171,-2.34947617,2.1501,2.29834,0.48347,0.519494,0.2,0.2,2.74466,3.04782,-3.04888,-2.74058,2.07602,2.22271,0.506032,0.541888,0.2,0.2,2.23681,2.54894,-2.50409,-2.18613,1,1,NA,1,1,1,1,NA,1,1
14,2,0,1.00404495904415,1.00111937936519,NA,0.999826122567608,1.00499479358311,1.01195335465461,1.00251594380877,NA,1.00183318886108,1.0025578130697,1509.01801247583,1958.7349634983,NA,2294.04905645657,1643.5969282641,1052.8984101791,1414.70094390597,NA,2009.81997514521,2055.92145593203,2.22257544062698,0.484911854544825,0.2,2.94652222022962,-2.76358672323551,2.13740083331808,0.513256239652682,0.2,2.3288499334193,-2.31538445351436,2.2219452025,0.475834906,0.2,2.9835780475,-2.7246548425,2.2137183475,0.51729644325,0.2,2.51129918,-2.3494335925,2.14435,2.30271,0.460732,0.490137,0.2,0.2,2.81544,3.14754,-2.89,-2.5568,2.12838,2.29267,0.497455,0.536885,0.2,0.2,2.36675,2.66427,-2.49394,-2.20218,1,1,NA,1,1,1,1,NA,0,1
24,3,0,1.00337032362547,1.00288343371389,NA,1.00583923103131,0.999900701830277,1.00381366270631,1.00306885388503,NA,1.00040441605228,1.00109224559468,1788.65516700728,1942.43271724516,NA,4274.98154824595,3729.09856026636,1628.31918731166,1572.29978999308,NA,2290.38004174782,2312.8566092082,2.22257544062698,0.484911854544825,0.2,2.94652222022962,-2.76358672323551,2.13740083331808,0.513256239652682,0.2,2.3288499334193,-2.31538445351436,2.2236471,0.48543181325,0.2,3.0510344725,-2.7723137175,2.1494247975,0.52469265475,0.2,2.27599901,-2.3649437975,2.14587,2.3035,0.467899,0.50185,0.2,0.2,2.90857,3.18232,-2.89873,-2.64029,2.07218,2.22329,0.502988,0.544178,0.2,0.2,2.12462,2.43939,-2.521,-2.20221,1,1,NA,1,1,1,1,NA,1,1
43,5,0,1.00428133560698,1.0051994845152,NA,1.00032494929623,1.00258668218147,1.00160215532782,1.00241835465933,NA,1.00156210038866,1.00305350491204,1909.86411799054,2213.81319697511,NA,2509.64227839992,2334.00172839419,2264.24522363412,2357.16619659178,NA,2439.17924239749,2051.43286125392,2.22257544062698,0.484911854544825,0.2,2.94652222022962,-2.76358672323551,2.13740083331808,0.513256239652682,0.2,2.3288499334193,-2.31538445351436,2.2078638625,0.48604490775,0.2,2.90863118,-2.75843724,2.0683159125,0.513469909,0.2,2.34601778,-2.234126545,2.13329,2.29188,0.46882,0.501517,0.2,0.2,2.74001,3.07657,-2.92008,-2.58017,2.00836,2.12935,0.497615,0.530587,0.2,0.2,2.20157,2.48654,-2.37499,-2.0964,1,1,NA,1,1,0,1,NA,1,1
34,4,0,1.00682926751838,1.00509740220238,NA,1.00268901101515,1.00100808947508,1.00081070347177,1.00070207466098,NA,1.00111173373922,1.00073233924276,2458.70448195098,1627.89968565604,NA,2244.64683265274,2451.28153964942,2260.25308036119,2283.69146496628,NA,2154.42229745046,2074.12798104697,2.22257544062698,0.484911854544825,0.2,2.94652222022962,-2.76358672323551,2.13740083331808,0.513256239652682,0.2,2.3288499334193,-2.31538445351436,2.2205854375,0.48436466575,0.2,2.9308785375,-2.8263082575,2.1646826725,0.50661871175,0.2,2.30876159,-2.355067785,2.15478,2.28514,0.466314,0.502555,0.2,0.2,2.77588,3.10194,-2.98793,-2.66892,2.10177,2.22289,0.489476,0.521065,0.2,0.2,2.17705,2.45826,-2.4948,-2.21193,1,1,NA,1,1,1,1,NA,1,1
4,1,0,1.00412196617212,1.00072357397607,NA,1.00126471444979,1.00108558835399,1.0016383291746,1.00198621883469,NA,1.00257524167978,1.00169451041075,1831.22430822491,2632.50086985534,NA,3603.02875708969,2803.94533429824,1801.65261082863,2070.78278923442,NA,2222.93109569085,2424.30488738469,2.22257544062698,0.484911854544825,0.2,2.94652222022962,-2.76358672323551,2.13740083331808,0.513256239652682,0.2,2.3288499334193,-2.31538445351436,2.220889885,0.463696244,0.2,2.94700199,-2.686586965,2.14878404,0.51178253825,0.2,2.382242915,-2.39836451,2.14064,2.3025,0.447233,0.479096,0.2,0.2,2.80085,3.09434,-2.83454,-2.54089,2.07407,2.2198,0.494015,0.529868,0.2,0.2,2.23723,2.52866,-2.54977,-2.25858,1,0,NA,1,1,1,1,NA,1,1
15,2,0,1.00203789963499,1.00880221461833,NA,1.00180303814894,1.00038619331776,1.00212739342342,1.00127288279372,NA,1.00154495039561,1.00027499278668,2243.72730247431,1088.86978108107,NA,3956.17870924063,3881.05029398989,2639.68430544906,2127.93307741094,NA,1863.38191190555,1749.13070541941,2.22257544062698,0.484911854544825,0.2,2.94652222022962,-2.76358672323551,2.13740083331808,0.513256239652682,0.2,2.3288499334193,-2.31538445351436,2.2625728275,0.4820319025,0.2,2.92932916,-2.6678194475,2.1618665675,0.504134735,0.2,2.3007673325,-2.3513036,2.1883,2.33155,0.460936,0.500994,0.2,0.2,2.79175,3.05463,-2.79986,-2.53067,2.10063,2.22175,0.48605,0.520917,0.2,0.2,2.12811,2.46413,-2.49744,-2.18204,1,1,NA,1,1,1,1,NA,1,1
25,3,0,1.00418365849507,1.00304933448458,NA,1.00134685741418,1.00166855251676,1.00232831180277,1.00134030142143,NA,1.00225165424512,1.00137985916702,1496.10105064532,1559.58603448192,NA,2520.0385690004,2234.95088413758,2137.86931488746,1932.37745263622,NA,2567.32060485846,2583.7538404977,2.22257544062698,0.484911854544825,0.2,2.94652222022962,-2.76358672323551,2.13740083331808,0.513256239652682,0.2,2.3288499334193,-2.31538445351436,2.16963498,0.47514984225,0.2,2.9911816275,-2.75495222,2.126725185,0.51487414125,0.2,2.375188765,-2.2583732875,2.09255,2.25553,0.455862,0.492279,0.2,0.2,2.82958,3.15635,-2.9227,-2.58643,2.06417,2.19266,0.497338,0.531044,0.2,0.2,2.24226,2.50992,-2.39445,-2.13178,1,1,NA,1,1,1,1,NA,1,1
44,5,0,1.00166240445119,1.00407618175439,NA,1.00184937988396,1.00176015703686,1.00148590730268,1.00407300001208,NA,1.00074566116122,1.002051681732,1990.31891467848,2209.50035214107,NA,3050.89163911711,2890.17316998856,1542.11941508814,1363.99643303397,NA,2000.20139368074,1689.92071990658,2.22257544062698,0.484911854544825,0.2,2.94652222022962,-2.76358672323551,2.13740083331808,0.513256239652682,0.2,2.3288499334193,-2.31538445351436,2.207100735,0.48386537125,0.2,2.9618498525,-2.736654705,2.1716937225,0.517800609,0.2,2.296397025,-2.3135555375,2.13587,2.27809,0.469111,0.500697,0.2,0.2,2.81536,3.11819,-2.89497,-2.59621,2.09632,2.24711,0.497632,0.537277,0.2,0.2,2.13025,2.45139,-2.47827,-2.1585,1,1,NA,1,1,1,1,NA,1,1
35,4,0,1.00505806233483,1.0005532983903,NA,1.00291368137489,1.00147177791296,1.00234911139703,1.0054455408156,NA,1.00268979617263,1.00520530850548,1627.83121962894,2086.47510221088,NA,2852.37941411462,3180.12999058335,2059.86864006437,1457.52329532513,NA,1634.43338219495,1617.47262388517,2.22257544062698,0.484911854544825,0.2,2.94652222022962,-2.76358672323551,2.13740083331808,0.513256239652682,0.2,2.3288499334193,-2.31538445351436,2.2072840275,0.484244811,0.2,2.8114947775,-2.7605278625,2.1682971775,0.5081242005,0.2,2.4008767575,-2.33258829,2.13007,2.28165,0.46818,0.501055,0.2,0.2,2.68057,2.96544,-2.90059,-2.61788,2.09607,2.23765,0.486194,0.527454,0.2,0.2,2.22231,2.56967,-2.49861,-2.15102,1,1,NA,1,1,1,1,NA,1,1
16,2,0,1.00156473908441,1.00417682745079,NA,1.00031800580454,1.00401374285334,1.00159021468411,1.00046357333102,NA,1.00095519740585,1.00132523911493,2255.10689586109,1255.79311687423,NA,2588.49198954766,2270.88485118087,2412.82846587899,2134.41994922963,NA,1583.08980501778,1300.89658434099,2.22257544062698,0.484911854544825,0.2,2.94652222022962,-2.76358672323551,2.13740083331808,0.513256239652682,0.2,2.3288499334193,-2.31538445351436,2.22612303,0.488292476,0.2,2.94133461,-2.751438915,2.168571815,0.52382939,0.2,2.3810280975,-2.3123078,2.15681,2.29181,0.468681,0.509782,0.2,0.2,2.78257,3.09324,-2.90074,-2.59597,2.10907,2.23093,0.507021,0.539322,0.2,0.2,2.2185,2.54196,-2.47306,-2.15749,1,1,NA,1,1,1,1,NA,1,1
5,1,0,1.00109370346687,1.00144226241562,NA,1.00082603853854,1.0016662128411,1.00482450822519,1.00122285842532,NA,1.00334549055069,1.00133015226599,2884.37053202533,2477.80057848757,NA,2435.38377650992,2481.02529712101,1887.33501821149,2173.33258718957,NA,2697.64063093736,2422.8430069739,2.22257544062698,0.484911854544825,0.2,2.94652222022962,-2.76358672323551,2.13740083331808,0.513256239652682,0.2,2.3288499334193,-2.31538445351436,2.2063463475,0.48654177125,0.2,2.9643623375,-2.781847705,2.15849654,0.5132914045,0.2,2.37317753,-2.33673895,2.1429,2.27399,0.470143,0.502656,0.2,0.2,2.80147,3.13037,-2.93021,-2.61262,2.08545,2.23659,0.495073,0.530176,0.2,0.2,2.22596,2.51676,-2.49187,-2.19739,1,1,NA,1,1,1,1,NA,1,1
26,3,0,1.00318093500551,1.00031659453148,NA,1.00037050530021,1.00178308535427,1.00221036448922,1.00132794624539,NA,1.0004466167569,1.00107065695154,2399.30069016098,1541.57327325249,NA,3142.9488464197,2463.2627446759,1765.17691697913,2518.52175120668,NA,2056.11748169629,2191.95691362221,2.22257544062698,0.484911854544825,0.2,2.94652222022962,-2.76358672323551,2.13740083331808,0.513256239652682,0.2,2.3288499334193,-2.31538445351436,2.21018885,0.475550866,0.2,3.128813855,-2.7171328825,2.1143979175,0.50236403475,0.2,2.27612748,-2.31247324,2.14577,2.281,0.456567,0.494227,0.2,0.2,2.97494,3.28035,-2.8792,-2.55972,2.04641,2.18525,0.48691,0.519437,0.2,0.2,2.12281,2.4291,-2.45614,-2.1616,1,1,NA,0,1,1,1,NA,1,1
45,5,0,1.00227743362537,1.00184710160942,NA,1.00148006649766,1.00321023521129,1.00353259575391,1.00174111760556,NA,1.00090989115276,1.00309998057961,2293.69118325683,1891.12501701221,NA,2687.64191590069,2478.99424197869,2328.73033165349,1701.93056531473,NA,2014.90809729332,1806.43636892773,2.22257544062698,0.484911854544825,0.2,2.94652222022962,-2.76358672323551,2.13740083331808,0.513256239652682,0.2,2.3288499334193,-2.31538445351436,2.235788405,0.47641860875,0.2,2.95760738,-2.770361475,2.1157925475,0.50267607525,0.2,2.4256749725,-2.25461827,2.16743,2.30343,0.460798,0.49392,0.2,0.2,2.80493,3.10534,-2.9246,-2.62151,2.05118,2.17571,0.482805,0.521139,0.2,0.2,2.26931,2.588,-2.41311,-2.09748,1,1,NA,1,1,1,1,NA,1,1
36,4,0,1.00127833992953,1.00481154825331,NA,0.999843263589185,1.00090674808246,1.00287852246591,1.00392810476199,NA,1.00511151561648,1.00250653526549,3244.87552359291,2171.74812359981,NA,3198.68001650915,2815.75596291976,2547.79748382606,1734.69617185105,NA,1624.43640616658,1969.53908187998,2.22257544062698,0.484911854544825,0.2,2.94652222022962,-2.76358672323551,2.13740083331808,0.513256239652682,0.2,2.3288499334193,-2.31538445351436,2.23777668,0.4901100625,0.2,2.8798887375,-2.8092860825,2.1564587375,0.520270191,0.2,2.4065167425,-2.3706325875,2.17434,2.29695,0.471571,0.505893,0.2,0.2,2.72551,3.02153,-2.95212,-2.66126,2.08611,2.22004,0.500987,0.539913,0.2,0.2,2.24492,2.56278,-2.52508,-2.21267,1,1,NA,1,1,1,1,NA,1,1
17,2,0,0.999323660714883,1.00049772747707,NA,1.00156355189341,1.00252775429443,1.00117393663787,1.00153675301156,NA,1.00178013186907,1.00131269089351,2541.15324819379,2720.27562998009,NA,3574.50653796456,3025.67556894465,2192.10081033884,2011.48709557041,NA,2569.44457750641,2370.99419870164,2.22257544062698,0.484911854544825,0.2,2.94652222022962,-2.76358672323551,2.13740083331808,0.513256239652682,0.2,2.3288499334193,-2.31538445351436,2.1857257075,0.4769215185,0.2,2.9132086525,-2.689329635,2.142275755,0.50595647125,0.2,2.32847686,-2.2293750625,2.11909,2.25082,0.46183,0.492757,0.2,0.2,2.76251,3.04301,-2.82888,-2.53963,2.07324,2.21276,0.488006,0.524717,0.2,0.2,2.18226,2.47417,-2.36325,-2.08132,1,1,NA,1,1,1,1,NA,1,1
27,3,0,1.00258558627734,1.00098523864298,NA,1.00205121503409,1.00310290900195,1.0013938054447,1.00350668416348,NA,1.00303605766873,1.00326697840904,1795.0193252725,3022.35162613646,NA,2950.65206464949,2311.12660148986,1939.20382172617,1638.26866656692,NA,1626.51412408514,1509.58135380203,2.22257544062698,0.484911854544825,0.2,2.94652222022962,-2.76358672323551,2.13740083331808,0.513256239652682,0.2,2.3288499334193,-2.31538445351436,2.2414480675,0.4862729635,0.2,2.9421482125,-2.6978328425,2.0906850575,0.512935312,0.2,2.446251625,-2.3270735175,2.16078,2.31863,0.472482,0.49886,0.2,0.2,2.8044,3.09282,-2.84155,-2.55971,2.0247,2.15639,0.496022,0.531996,0.2,0.2,2.27831,2.61623,-2.50767,-2.16173,1,1,NA,1,1,1,1,NA,1,1
46,5,0,1.00203062380646,1.00300462394574,NA,0.999857585997264,1.00108569387659,1.00260738145136,1.00354122959809,NA,1.00164875780164,1.00206168114421,1755.75917207153,1205.94742938544,NA,3037.69096997261,2577.567667427,2276.35730548362,1409.74101475388,NA,2061.48890537713,1970.56903847669,2.22257544062698,0.484911854544825,0.2,2.94652222022962,-2.76358672323551,2.13740083331808,0.513256239652682,0.2,2.3288499334193,-2.31538445351436,2.226330925,0.490135258,0.2,2.8658919725,-2.8070371125,2.161333955,0.50552839975,0.2,2.24491654,-2.23737208,2.15188,2.29694,0.470529,0.509523,0.2,0.2,2.72562,3.01337,-2.96111,-2.66672,2.0982,2.2258,0.485369,0.526163,0.2,0.2,2.09744,2.38584,-2.38366,-2.10424,1,1,NA,1,1,1,1,NA,1,1
6,1,0,1.00156680634621,1.00573245587777,NA,1.00075172675101,1.00131306580032,1.00585866548767,1.00196222419696,NA,1.00383286292655,1.00176100149943,1820.94682479052,2024.60448441561,NA,2864.22359218362,2669.77038050609,1797.45857265191,2401.74130212321,NA,2183.74575048737,2029.6449227876,2.22257544062698,0.484911854544825,0.2,2.94652222022962,-2.76358672323551,2.13740083331808,0.513256239652682,0.2,2.3288499334193,-2.31538445351436,2.28059971,0.480789239,0.2,2.983022365,-2.6621368375,2.15191407,0.50495714575,0.2,2.4260008225,-2.363013065,2.20774,2.35161,0.464496,0.497691,0.2,0.2,2.83,3.13163,-2.81854,-2.52555,2.0803,2.2218,0.488814,0.521854,0.2,0.2,2.2799,2.59153,-2.51812,-2.22151,1,1,NA,1,1,1,1,NA,1,1
37,4,0,0.999995082460932,1.00105605646427,NA,1.00513440198047,1.00043081633757,1.00281215670867,1.00274048906592,NA,1.00209746492539,1.00189096847327,2254.29403244444,1550.86423428777,NA,1987.75721308082,2251.8440887421,1600.6789109129,1385.63031356723,NA,2064.76957262864,2270.26375506045,2.22257544062698,0.484911854544825,0.2,2.94652222022962,-2.76358672323551,2.13740083331808,0.513256239652682,0.2,2.3288499334193,-2.31538445351436,2.168912645,0.49746049025,0.2,2.864955875,-2.837030385,2.121147775,0.51325469475,0.2,2.458421195,-2.2878064025,2.10202,2.23968,0.478725,0.518245,0.2,0.2,2.70074,3.03853,-3.00787,-2.67147,2.0375,2.19204,0.493083,0.533328,0.2,0.2,2.31972,2.60563,-2.43983,-2.15551,1,1,NA,1,1,1,1,NA,1,1
18,2,0,1.00610210702185,1.00070273864551,NA,1.00155221163902,1.00481660051166,1.00401477116912,1.00691767299902,NA,1.00377971755722,1.0017680885301,1262.60289608193,1590.40182972327,NA,3067.88404041754,1983.26132229508,1326.9093838857,1700.8947226016,NA,1796.30543519428,1514.1427961695,2.22257544062698,0.484911854544825,0.2,2.94652222022962,-2.76358672323551,2.13740083331808,0.513256239652682,0.2,2.3288499334193,-2.31538445351436,2.2270375475,0.485130756,0.2,3.066472455,-2.7407849025,2.0904757175,0.5070400645,0.2,2.2939944275,-2.4260653875,2.13779,2.3081,0.464368,0.504645,0.2,0.2,2.91288,3.22714,-2.90215,-2.57838,2.0087,2.17427,0.484748,0.526525,0.2,0.2,2.12759,2.45391,-2.57822,-2.26016,1,1,NA,1,1,1,1,NA,1,1
28,3,0,1.00521744338843,1.00068366807194,NA,1.00094826942511,1.00171960132866,1.00309352070593,1.00322238858745,NA,1.00106509059955,1.00035759712323,1550.23769341926,1757.75996416907,NA,2093.51235361084,2052.03912581551,2312.33364687453,1984.16484733559,NA,2186.81927819278,2098.05082595204,2.22257544062698,0.484911854544825,0.2,2.94652222022962,-2.76358672323551,2.13740083331808,0.513256239652682,0.2,2.3288499334193,-2.31538445351436,2.25626012,0.496715201,0.2,2.8346220175,-2.7719655475,2.156256305,0.51818805125,0.2,2.3047112825,-2.3186601225,2.17541,2.33698,0.47836,0.515364,0.2,0.2,2.66938,3.01078,-2.94894,-2.61298,2.09001,2.2211,0.502354,0.5362,0.2,0.2,2.16129,2.45306,-2.45852,-2.18136,1,1,NA,1,1,1,1,NA,1,1
47,5,0,1.00215950028,1.00246575202144,NA,1.00087550416665,1.00052535444302,1.00229865297924,1.00178166430656,NA,1.00147503376971,1.00513468255173,1892.86442344058,1792.52495914391,NA,2899.79873224479,2813.93381240233,2087.26285073605,1887.20108677232,NA,1443.21121911064,1442.61226223333,2.22257544062698,0.484911854544825,0.2,2.94652222022962,-2.76358672323551,2.13740083331808,0.513256239652682,0.2,2.3288499334193,-2.31538445351436,2.2020476125,0.480852711,0.2,2.9315262875,-2.8873923225,2.161642575,0.532975837,0.2,2.4128167975,-2.3127483175,2.12987,2.27972,0.461864,0.498872,0.2,0.2,2.77314,3.08688,-3.04737,-2.74244,2.08905,2.23559,0.51455,0.5525,0.2,0.2,2.24042,2.58882,-2.50013,-2.14488,1,1,NA,1,1,1,0,NA,1,1
7,1,0,1.00288625770382,1.00752367522095,NA,1.00247236423431,1.00102832223607,1.00481862337283,1.00072373773488,NA,1.00008402110584,1.00149040212212,2467.83539269993,1266.3168053658,NA,2579.76030011466,2475.36001579239,1243.6549455854,1735.22537638439,NA,1423.48515894416,1399.47926502015,2.22257544062698,0.484911854544825,0.2,2.94652222022962,-2.76358672323551,2.13740083331808,0.513256239652682,0.2,2.3288499334193,-2.31538445351436,2.22533631,0.49141010075,0.2,2.96128774,-2.82507446,2.1352317475,0.536954767,0.2,2.2807443125,-2.3863243575,2.16801,2.2919,0.470489,0.510218,0.2,0.2,2.80615,3.11321,-2.97034,-2.67175,2.05147,2.21246,0.517324,0.554385,0.2,0.2,2.12212,2.45899,-2.55807,-2.22402,1,1,NA,1,1,1,0,NA,1,1
38,4,0,1.00049718568222,1.00152960456219,NA,1.00127529389891,1.00237633751153,1.00061363612111,1.00207700785546,NA,1.00130689743486,1.00367903802252,2162.59046687721,1775.66364720968,NA,2455.83782755669,2273.3538513874,1887.12009186608,1826.30806980216,NA,2050.51405232914,1992.09465046489,2.22257544062698,0.484911854544825,0.2,2.94652222022962,-2.76358672323551,2.13740083331808,0.513256239652682,0.2,2.3288499334193,-2.31538445351436,2.17214998,0.48827198875,0.2,2.82809389,-2.8251599575,2.1571088875,0.50427987325,0.2,2.276817035,-2.3619935175,2.10397,2.23528,0.470565,0.507071,0.2,0.2,2.67437,2.98787,-2.97756,-2.65751,2.08867,2.23021,0.487063,0.522579,0.2,0.2,2.13474,2.42978,-2.50458,-2.20556,1,1,NA,1,1,1,1,NA,1,1
19,2,0,1.0005691866466,1.00138720568552,NA,1.00111373868814,1.00289230573875,1.00181082803159,1.00312109745867,NA,1.00197633383035,1.00612277216797,2540.16620797957,1676.23532157156,NA,3503.91384096278,2802.21635584495,3170.03438388213,1879.36137875216,NA,1986.72894498018,1577.08171406431,2.22257544062698,0.484911854544825,0.2,2.94652222022962,-2.76358672323551,2.13740083331808,0.513256239652682,0.2,2.3288499334193,-2.31538445351436,2.228447685,0.479580898,0.2,3.0250583775,-2.6566500575,2.134163955,0.5189288825,0.2,2.3298153425,-2.2226794575,2.15962,2.30263,0.462444,0.496117,0.2,0.2,2.88236,3.16264,-2.80542,-2.52272,2.07707,2.19542,0.496882,0.537632,0.2,0.2,2.17355,2.49292,-2.3773,-2.05536,1,1,NA,1,1,1,1,NA,1,1
29,3,0,1.00002616005665,1.00123089713559,NA,1.00025016528147,1.00151037931064,1.00454918998846,1.00236838861755,NA,1.00161134897401,1.00076863115529,2375.54783433989,2286.26778333408,NA,2361.1560646342,2673.50217431577,1815.09818617941,1900.01823110745,NA,2156.28434588006,2228.28978788414,2.22257544062698,0.484911854544825,0.2,2.94652222022962,-2.76358672323551,2.13740083331808,0.513256239652682,0.2,2.3288499334193,-2.31538445351436,2.2005365,0.47341245525,0.2,2.932319085,-2.611513575,2.149527235,0.52041424175,0.2,2.283079925,-2.4418794825,2.13344,2.26522,0.455701,0.490418,0.2,0.2,2.78117,3.081,-2.77021,-2.46266,2.07735,2.2214,0.501257,0.536964,0.2,0.2,2.12291,2.42993,-2.59473,-2.28965,1,1,NA,1,1,1,1,NA,1,1
48,5,0,1.00161650066402,1.00063357515127,NA,1.00181067905479,1.0025841783798,1.00255836262826,1.00124107657175,NA,1.00242898288402,1.00431114129788,2493.4980203032,2571.28893248309,NA,3426.07733887023,3452.58333809975,2252.04919281443,1986.71978812263,NA,2156.13304103229,2012.60512519984,2.22257544062698,0.484911854544825,0.2,2.94652222022962,-2.76358672323551,2.13740083331808,0.513256239652682,0.2,2.3288499334193,-2.31538445351436,2.248825735,0.46689342925,0.2,3.032969585,-2.763490605,2.1315718275,0.51698061225,0.2,2.2383650725,-2.268004995,2.18447,2.31699,0.45141,0.482423,0.2,0.2,2.89312,3.17999,-2.90594,-2.62338,2.065,2.20251,0.498726,0.535843,0.2,0.2,2.09098,2.38898,-2.42163,-2.11175,1,0,NA,1,1,1,1,NA,1,1
39,4,0,1.00088816843215,1.00136645560895,NA,1.00178721467944,1.00202835123957,1.0005134254777,1.00291996832606,NA,1.00051835783427,1.00368467540593,3375.15848124075,2107.94773959828,NA,1979.31680253144,1740.59748677709,1879.93597018744,2813.96703057122,NA,2037.3417036118,1753.81910037841,2.22257544062698,0.484911854544825,0.2,2.94652222022962,-2.76358672323551,2.13740083331808,0.513256239652682,0.2,2.3288499334193,-2.31538445351436,2.2228271075,0.47796036975,0.2,2.9532114,-2.68552791,2.0720953525,0.51291849425,0.2,2.44273426,-2.425273355,2.16997,2.28101,0.461519,0.49631,0.2,0.2,2.77852,3.11932,-2.87108,-2.52398,2.00801,2.13892,0.498777,0.528144,0.2,0.2,2.28896,2.6087,-2.58414,-2.26918,1,1,NA,1,1,1,1,NA,1,1
8,1,0,1.00040419913462,1.0015034445472,NA,1.00145106782093,1.00218702389215,1.00285196675544,1.00067285914658,NA,1.00156220926494,1.00293987246905,2303.02115787451,2842.38162978912,NA,3925.08393914123,3416.17338401667,2019.22344636975,2652.31483435949,NA,2751.88476609461,2419.46692135579,2.22257544062698,0.484911854544825,0.2,2.94652222022962,-2.76358672323551,2.13740083331808,0.513256239652682,0.2,2.3288499334193,-2.31538445351436,2.1791930525,0.49596894375,0.2,2.9323909025,-2.737263705,2.1471341875,0.50890706075,0.2,2.53436881,-2.27012287,2.10597,2.25524,0.47989,0.512068,0.2,0.2,2.79313,3.0792,-2.87765,-2.60187,2.07549,2.22131,0.491986,0.525922,0.2,0.2,2.38584,2.67596,-2.42324,-2.12479,1,1,NA,1,1,1,1,NA,0,1
20,2,0,1.00248734985349,1.00317862306793,NA,1.00137357517258,1.00186479507747,1.00115053363515,1.00182404514138,NA,1.00252007593454,1.00306519400032,2630.83485116265,1930.1475778566,NA,2381.64988309104,2353.51707688515,1753.6445990249,1083.83163486399,NA,2086.00340975973,1701.87252855867,2.22257544062698,0.484911854544825,0.2,2.94652222022962,-2.76358672323551,2.13740083331808,0.513256239652682,0.2,2.3288499334193,-2.31538445351436,2.1897646275,0.47160776275,0.2,2.915068425,-2.71034174,2.15449746,0.509257692,0.2,2.47268558,-2.235325485,2.12714,2.25511,0.454551,0.489333,0.2,0.2,2.75335,3.06013,-2.86811,-2.55559,2.08327,2.23771,0.488479,0.530225,0.2,0.2,2.31283,2.62905,-2.40122,-2.09077,1,1,NA,1,1,1,1,NA,1,1
30,3,0,1.00297052160531,1.00231641912168,NA,1.00269277326042,1.0013311334634,1.00680920291671,1.0008898349003,NA,1.00257566547909,1.00131430012715,1710.67596545534,2498.94198899435,NA,1807.13140069893,1840.72339183309,1318.95275343944,2886.16511626171,NA,2000.91327744848,2048.57524252409,2.22257544062698,0.484911854544825,0.2,2.94652222022962,-2.76358672323551,2.13740083331808,0.513256239652682,0.2,2.3288499334193,-2.31538445351436,2.21549278,0.50392947925,0.2,2.8039091075,-2.8365572975,2.1440382675,0.5107408415,0.2,2.360191295,-2.2856608625,2.1437,2.29614,0.490465,0.518841,0.2,0.2,2.63624,2.9631,-2.99836,-2.66829,2.07232,2.21263,0.498906,0.524599,0.2,0.2,2.22644,2.48967,-2.41114,-2.14761,1,0,NA,1,1,1,1,NA,1,1
49,5,0,1.0040367472078,1.0038971918412,NA,1.00229252255516,1.00013468025383,1.0030895336721,1.00417052911237,NA,1.00279493710001,1.00151206487069,1828.24293281027,1446.08588590363,NA,3050.737584834,3187.50697675056,2441.09571660677,1331.95568467736,NA,2612.92657624001,2505.25726875865,2.22257544062698,0.484911854544825,0.2,2.94652222022962,-2.76358672323551,2.13740083331808,0.513256239652682,0.2,2.3288499334193,-2.31538445351436,2.175654465,0.47940513375,0.2,2.968467205,-2.6775027475,2.09803299,0.51102025725,0.2,2.3310882625,-2.2846246775,2.09964,2.25232,0.460071,0.498586,0.2,0.2,2.82722,3.11172,-2.82061,-2.52886,2.03538,2.15648,0.491407,0.529891,0.2,0.2,2.19865,2.46034,-2.41769,-2.1558,1,1,NA,1,1,1,1,NA,1,1
40,4,0,1.00143875997575,1.00596149439582,NA,1.00292255356301,1.00308641475033,1.00272941060964,1.00078325625364,NA,1.00215749839355,1.00391475826534,1974.48280148912,1605.74870243002,NA,1965.56090519328,2019.81543050106,2444.45067431407,3927.85095972614,NA,2261.83666431828,2001.86671736932,2.22257544062698,0.484911854544825,0.2,2.94652222022962,-2.76358672323551,2.13740083331808,0.513256239652682,0.2,2.3288499334193,-2.31538445351436,2.1756773425,0.4808804315,0.2,3.046766745,-2.8227753725,2.15589799,0.51197817475,0.2,2.4357269825,-2.45167085,2.10735,2.25062,0.461428,0.500955,0.2,0.2,2.86659,3.22054,-3.0005,-2.6411,2.08868,2.21746,0.500057,0.52453,0.2,0.2,2.29461,2.58239,-2.59553,-2.30334,1,1,NA,1,1,1,1,NA,1,1
9,1,0,1.00049942233445,1.00208162580828,NA,1.00234714898059,1.00253400804017,1.00427752930351,1.00159618731145,NA,1.00350663219815,1.00593116034087,2939.69736313384,1497.69409638694,NA,1794.23018536148,1827.32120706685,1682.81962105784,1972.74742133607,NA,1717.22243656194,1485.2626550814,2.22257544062698,0.484911854544825,0.2,2.94652222022962,-2.76358672323551,2.13740083331808,0.513256239652682,0.2,2.3288499334193,-2.31538445351436,2.25092022,0.48180698475,0.2,2.968039185,-2.805915855,2.15138646,0.51642269175,0.2,2.47742149,-2.2404379675,2.18958,2.31038,0.46047,0.501265,0.2,0.2,2.79082,3.1422,-2.97898,-2.6065,2.08486,2.22434,0.500775,0.53543,0.2,0.2,2.31163,2.63191,-2.40833,-2.08288,1,1,NA,1,1,1,1,NA,1,1
50,5,0,1.00227558717843,1.00089877562002,NA,1.00000059992097,1.001736713223,1.00369226268159,1.00217106538784,NA,1.00000289696065,1.00082531184497,1982.42268174747,2874.51936550997,NA,2731.68696920685,2679.52907365838,1503.3508853643,1768.9132557793,NA,2507.11581866246,1860.56979991755,2.22257544062698,0.484911854544825,0.2,2.94652222022962,-2.76358672323551,2.13740083331808,0.513256239652682,0.2,2.3288499334193,-2.31538445351436,2.174713915,0.488567506,0.2,2.9667713,-2.707665015,2.104298255,0.49835486925,0.2,2.5362781825,-2.226973555,2.10446,2.24838,0.474483,0.50269,0.2,0.2,2.81703,3.11217,-2.85448,-2.55383,2.02711,2.18046,0.480592,0.515495,0.2,0.2,2.38081,2.67989,-2.37172,-2.08084,1,1,NA,1,1,1,1,NA,0,1
10,1,0,1.00224074902612,1.00153316618724,NA,1.00078438332515,1.00344824523418,1.00104058153018,1.00300885748193,NA,1.00393328822283,1.00260477506644,1663.98856732061,2778.55777079363,NA,2927.90424566697,2659.44115960329,2084.76616286232,2384.45327639117,NA,2075.26385526355,2129.15109719981,2.22257544062698,0.484911854544825,0.2,2.94652222022962,-2.76358672323551,2.13740083331808,0.513256239652682,0.2,2.3288499334193,-2.31538445351436,2.1704257025,0.48384455475,0.2,2.843016915,-2.691869815,2.10984619,0.52783159075,0.2,2.3310898575,-2.28502384,2.09524,2.24368,0.468589,0.499259,0.2,0.2,2.69722,2.99057,-2.84974,-2.553,2.04315,2.17076,0.511933,0.544752,0.2,0.2,2.19356,2.4686,-2.43462,-2.15018,1,1,NA,1,1,1,1,NA,1,1
